subject,object,original_label
Optics,Optical microscopy,broader
Metals,Erbium,broader
Production,Production engineering,broader
Control systems,Decentralized control,broader
Chemical elements,Lutetium,broader
Numerical analysis,Convergence of numerical methods,broader
Medical treatment,Cancer treatment,broader
Production,Embossing,broader
Integrated circuits,Analog integrated circuits,broader
Testing,Materials testing,broader
Optics,Optical pulses,broader
Power systems,Energy Internet,broader
Mathematics,Equations,broader
Management,Building management systems,broader
Geoscience,Wetlands,broader
Management,Asset management,broader
Computer applications,Scientific computing,broader
Mathematics,Quaternions,broader
Medical treatment,Electroporation,broader
Geoscience,Biosphere,broader
Measurement,Mechanical variables measurement,broader
Integrated circuits,Microprocessors,broader
Mechanical factors,Deformation,broader
Mechanical products,Needles,broader
Medical treatment,Anesthesia,broader
Materials,Building materials,broader
Measurement,Calorimetry,broader
Antennas,UHF antennas,broader
Measurement,Key performance indicator,broader
Algorithms,Change detection algorithms,broader
Measurement,Accelerometers,broader
Communication systems,Visual communication,broader
Physics,String theory,broader
Imaging,Stereo vision,broader
Industries,Metals industry,broader
Magnetics,Magnetic losses,broader
Production,Mechanical products,broader
Brain,Brainstem,broader
Management,Dependability management,broader
Algorithms,Maximum likelihood detection,broader
Robots,Evolutionary robotics,broader
Image processing,Saliency detection,broader
Physics,Mechanical factors,broader
Circuits,VHF circuits,broader
Mathematics,Harmonic analysis,broader
Mechanical products,Tires,broader
Mathematics,Uncertain systems,broader
Communication systems,Microwave communication,broader
Statistics,Mixture models,broader
Materials,Magnetic materials,broader
Communication systems,MISO communication,broader
Metals,Zinc,broader
Sensors,Intelligent sensors,broader
Testing,Integrated circuit testing,broader
Chemical elements,Titanium,broader
Medical conditions,Hemorrhaging,broader
Software,Software agents,broader
Biology,Genetics,broader
Computer networks,Intserv networks,broader
Semiconductor devices,Semiconductor device modeling,broader
Power systems,Transformers,broader
Nanotechnology,Nanopackaging,broader
Mathematics,Computational efficiency,broader
Control systems,Admittance control,broader
Integrated circuits,Large scale integration,broader
Filters,Particle filters,broader
Industry applications,Industries,broader
Mathematics,Tensors,broader
Mechanical factors,Surface stress,broader
Testing,Software testing,broader
Filters,Bragg gratings,broader
Industry applications,Cryogenics,broader
Optics,Optical polarization,broader
Medical conditions,Sepsis,broader
Management,Project management,broader
Semiconductor devices,Power semiconductor switches,broader
Materials,Resins,broader
Communication systems,Digital communication,broader
Sensors,Sensor placement,broader
Medical conditions,Atrophy,broader
Circuits,Microprocessors,broader
Management,Process planning,broader
Anatomy,Musculoskeletal system,broader
Economics,Oligopoly,broader
Physics,Rydberg atoms,broader
Sensors,Pressure sensors,broader
Numerical analysis,Relaxation methods,broader
Optics,Optical amplifiers,broader
Communication systems,Data buses,broader
Modeling,Mobility models,broader
Integrated circuits,Radiofrequency integrated circuits,broader
Numerical analysis,Newton method,broader
Diseases,Arthritis,broader
Integrated circuits,Hybrid integrated circuits,broader
Circuits,Circuit simulation,broader
Computer applications,Virtual manufacturing,broader
Circuits,Passive circuits,broader
Biology,Biological system modeling,broader
Measurement,Geologic measurements,broader
Diseases,Alzheimer's disease,broader
Production,Production equipment,broader
Antennas,Leaky wave antennas,broader
Image processing,Image color analysis,broader
Medical treatment,Hospitals,broader
Industries,Communication industry,broader
Integrated circuits,Current-mode circuits,broader
Algorithms,Multicast algorithms,broader
Testing,Error analysis,broader
Testing,Automatic testing,broader
Image processing,Active shape model,broader
Antennas,Horn antennas,broader
Chemical elements,Nitrogen,broader
Metals,Germanium,broader
Control systems,Mechanical variables control,broader
Testing,Aerospace testing,broader
Measurement,Wavelength measurement,broader
Numerical analysis,Numerical stability,broader
Manufacturing systems,Agile manufacturing,broader
Optics,Microoptics,broader
Robots,Robot learning,broader
Diseases,Multiple sclerosis,broader
Filters,Microstrip filters,broader
Structural shapes,Lightweight structures,broader
Numerical analysis,Sparse matrices,broader
Diseases,Bacterial infections,broader
Control systems,Digital control,broader
Modeling,Atmospheric modeling,broader
Measurement,Atomic measurements,broader
Algorithms,Partitioning algorithms,broader
Robots,Manipulators,broader
Optics,Physical optics,broader
Robots,Automata,broader
Industries,Airline industry,broader
Filters,IIR filters,broader
Algorithms,Inference algorithms,broader
Management,Communication system operations and management,broader
Communication systems,IP networks,broader
Communication systems,Metropolitan area networks,broader
Medical treatment,Magnetic stimulation,broader
Brain,Brain modeling,broader
Computer security,Phishing,broader
Measurement,Micrometers,broader
Medical treatment,Neuromuscular stimulation,broader
Medical treatment,Hepatectomy,broader
Optics,Particle beam optics,broader
Economics,Venture capital,broader
Numerical analysis,Transmission line matrix methods,broader
Communication systems,Teleprinting,broader
Circuits,Asynchronous circuits,broader
Brain,Midbrain,broader
Mechanical factors,Lubrication,broader
Mathematics,Cyclic redundancy check,broader
Mechanical products,Pistons,broader
Imaging,Ground penetrating radar,broader
Software,Public domain software,broader
Anatomy,Respiratory system,broader
Medical services,X-rays,broader
Communication systems,Synchronous digital hierarchy,broader
Magnetics,Magnetic switching,broader
Manufacturing systems,Job production systems,broader
Medical conditions,Dyslexia,broader
Brain,Hindbrain,broader
Communication systems,Submillimeter wave communication,broader
Mathematics,Convergence,broader
Medical services,In vitro,broader
Medical conditions,Blindness,broader
Measurement,Wide area measurements,broader
Signal processing,Received signal strength indicator,broader
Optics,Luminescence,broader
Imaging,Focusing,broader
Medical services,Vaccines,broader
Mathematics,Sequences,broader
Mathematics,Root mean square,broader
Semiconductor devices,Schottky diodes,broader
Mechanical factors,Damping,broader
Imaging,Terahertz wave imaging,broader
Circuits,Printed circuits,broader
Mathematics,Statistics,broader
Computer security,Identity management systems,broader
Control systems,Gaze tracking,broader
Antennas,Microwave antennas,broader
Circuits,Summing circuits,broader
Materials processing,Curing,broader
Antennas,Reflector antennas,broader
Integrated circuits,Three-dimensional integrated circuits,broader
Antennas,Mobile antennas,broader
Optics,Photoluminescence,broader
Industry applications,Electrochemical devices,broader
Computer networks,Wide area networks,broader
Industry applications,Engines,broader
Optics,Optical crosstalk,broader
Chemical elements,Chlorine,broader
Image processing,Fiducial markers,broader
Geoscience,Geophysics,broader
Radar,Radar cross-sections,broader
Production,Productivity,broader
Computer networks,Software defined networking,broader
Mathematics,Minimization,broader
Brain,Forebrain,broader
Manufacturing systems,Food manufacturing,broader
Mechanical products,Wheels,broader
Brain,Thalamus,broader
Measurement,Particle measurements,broader
Software,Glass box,broader
Management,Supply chain management,broader
Materials processing,Swaging,broader
Control systems,Delay systems,broader
Robots,Social robots,broader
Magnetics,Magnetic multilayers,broader
Magnetics,Magnetomechanical effects,broader
Circuits,Switching circuits,broader
Semiconductor devices,Gunn devices,broader
Diseases,Muscular dystrophy,broader
Chemical elements,Terbium,broader
Management,Program management,broader
Measurement,Moisture measurement,broader
Modeling,System identification,broader
Image processing,Geophysical image processing,broader
Medical treatment,Angioplasty,broader
Structural shapes,Structural beams,broader
Anatomy,Embryonic structures,broader
Industry applications,Industrial engineering,broader
Mathematics,Fourier series,broader
Mathematics,Simulated annealing,broader
Diseases,Acquired immune deficiency syndrome,broader
Mechanical factors,Surface cracks,broader
Chemical elements,Molybdenum,broader
Optics,Optical tuning,broader
Modeling,Analytical models,broader
Industries,Chemical industry,broader
Software,Software systems,broader
Signal processing,Decorrelation,broader
Image processing,Image registration,broader
Antennas,Slot antennas,broader
Robots,Bio-inspired robotics,broader
Chemical elements,Uranium,broader
Imaging,Cameras,broader
Signal processing,Pulse compression methods,broader
Production,Process planning,broader
Control systems,Medical control systems,broader
Industries,Toy industry,broader
Sensors,Wearable sensors,broader
Nanotechnology,Nanofluidics,broader
Geoscience,Earthquakes,broader
Signal processing,Signal synthesis,broader
Communication systems,Communication system security,broader
Image processing,Image annotation,broader
Algorithms,Machine learning algorithms,broader
Image processing,Image filtering,broader
Production,Food products,broader
Circuits,Phase shifters,broader
Chemical elements,Yttrium,broader
Testing,System testing,broader
Optics,Light sources,broader
Materials,Photoconducting materials,broader
Optics,Optical antennas,broader
Mathematics,Functional analysis,broader
Materials,Optical materials,broader
Mathematics,Dynamical systems,broader
Statistics,Higher order statistics,broader
Radar,Ultra wideband radar,broader
Circuits,MOSFET circuits,broader
Physics,Biophysics,broader
Image processing,Morphological operations,broader
Management,Content management,broader
Industries,Computer industry,broader
Computer networks,Wireless access points,broader
Circuits,Coupling circuits,broader
Radar,High frequency radar,broader
Metals,Niobium,broader
Geoscience,Atmosphere,broader
Measurement,Ultrasonic variables measurement,broader
Chemical elements,Iridium,broader
Materials processing,Etching,broader
Computer applications,Computer aided analysis,broader
Modeling,Input variables,broader
Imaging,Tomography,broader
Signal processing,Limiting,broader
Testing,Test equipment,broader
Geoscience,Geoengineering,broader
Magnetics,Magnetic susceptibility,broader
Medical services,Occupational medicine,broader
Economics,Free economic zones,broader
Materials processing,Lamination,broader
Software,Software tools,broader
Structural shapes,Rails,broader
Algorithms,Hash functions,broader
Materials,Smart materials,broader
Nanotechnology,Nanoelectronics,broader
Materials,Biomedical materials,broader
Anatomy,Stomatognathic system,broader
Filters,Kalman filters,broader
Imaging,Optical imaging,broader
Signal processing,Modulation,broader
Economics,Environmental economics,broader
Economics,Exchange rates,broader
Optics,Optical distortion,broader
Computer applications,World Wide Web,broader
Industry applications,Electrostatic processes,broader
Software,System software,broader
Semiconductor devices,P-i-n diodes,broader
Industries,Transportation industry,broader
Sensors,Optical sensors,broader
Signal processing,Signal restoration,broader
Management,Enterprise resource planning,broader
Communication systems,Communication networks,broader
Computer applications,Computer integrated manufacturing,broader
Economics,Electronic commerce,broader
Chemical elements,Gadolinium,broader
Chemical elements,Oxygen,broader
Radar,Spread spectrum radar,broader
Image processing,Blob detection,broader
Chemical elements,Ytterbium,broader
Antennas,Steerable antennas,broader
Economics,Monopoly,broader
Sensors,Nanosensors,broader
Materials,Surfactants,broader
Communication systems,Personal communication networks,broader
Circuits,Distributed parameter circuits,broader
Circuits,Adders,broader
Mechanical factors,Pressure effects,broader
Control systems,Fault tolerant control,broader
Measurement,Doppler measurement,broader
Sensors,Thin film sensors,broader
Computer networks,Diffserv networks,broader
Circuits,Digital circuits,broader
Optics,Fluorescence,broader
Physics,High energy physics,broader
Imaging,Photography,broader
Medical treatment,Clinical trials,broader
Materials processing,Vapor deposition,broader
Computer applications,Telecommunication computing,broader
Numerical analysis,Multigrid methods,broader
Sensors,Magnetic sensors,broader
Medical treatment,Noninvasive treatment,broader
Control systems,Nonlinear control systems,broader
Medical conditions,Diseases,broader
Metals,Titanium,broader
Economics,Access charges,broader
Integrated circuits,Integrated circuit interconnections,broader
Modeling,Hidden Markov models,broader
Medical conditions,Addiction,broader
Geoscience,Rivers,broader
Manufacturing systems,Joining processes,broader
Medical services,Smart healthcare,broader
Management,Business continuity,broader
Signal processing,Dispersion,broader
Modeling,Emulation,broader
Mathematics,Probability,broader
Mathematics,Gradient methods,broader
Chemical elements,Protactinium,broader
Measurement,Dosimetry,broader
Geoscience,Soil,broader
Optics,Fiber optics,broader
Biology,Microbiology,broader
Signal processing,Array signal processing,broader
Semiconductor devices,Thermistors,broader
Biology,Synthetic biology,broader
Statistics,Dimensionality reduction,broader
Computer applications,Computer aided instruction,broader
Diseases,Infectious diseases,broader
Computer networks,Content distribution networks,broader
Antennas,Rectennas,broader
Chemical elements,Scandium,broader
Mathematics,Nonlinear systems,broader
Robots,Cognitive robotics,broader
Modeling,Digital elevation models,broader
Sensors,Force sensors,broader
Computer networks,Domain Name System,broader
Testing,Impulse testing,broader
Chemical elements,Promethium,broader
Industry applications,Security,broader
Power systems,Hybrid power systems,broader
Materials,Polymer foams,broader
Modeling,Solid modeling,broader
Mechanical products,Vents,broader
Statistics,Time series analysis,broader
Chemical elements,Cesium,broader
Industries,Wood industry,broader
Medical conditions,Autism,broader
Manufacturing systems,Integrated manufacturing systems,broader
Robots,Service robots,broader
Physics,Acoustics,broader
Anatomy,Immune system,broader
Medical treatment,Defibrillation,broader
Control systems,Moisture control,broader
Power systems,Industrial power systems,broader
Diseases,Arteriosclerosis,broader
Industries,Information industry,broader
Nanotechnology,Bionanotechnology,broader
Biology,Biophysics,broader
Image processing,Pansharpening,broader
Robots,Parallel robots,broader
Computer networks,Metropolitan area networks,broader
Filters,Superconducting filters,broader
Computer networks,Storage area networks,broader
Computer applications,Virtual assistants,broader
Diseases,Neurological diseases,broader
Control systems,Controllability,broader
Semiconductor devices,Surface emitting lasers,broader
Medical treatment,Precision medicine,broader
Robots,Autonomous robots,broader
Materials processing,Refining,broader
Production,Shafts,broader
Magnetics,Nonlinear magnetics,broader
Mathematics,Stochastic processes,broader
Management,Technical management,broader
Software,Software packages,broader
Communication systems,Facsimile,broader
Computer applications,Engineering computing,broader
Magnetics,Magnetic hysteresis,broader
Circuits,Programmable circuits,broader
Biology,Zoology,broader
Signal processing,Adaptive signal processing,broader
Magnetics,Magnetic force microscopy,broader
Software,Open source software,broader
Brain,Cerebellum,broader
Industry applications,High-temperature techniques,broader
Metals,Tungsten,broader
Manufacturing systems,Mass production,broader
Measurement,Magnetic variables measurement,broader
Mathematics,Closed-form solutions,broader
Chemical elements,Thulium,broader
Medical services,Internet of Medical Things,broader
Radar,Spaceborne radar,broader
Antennas,Textile antennas,broader
Circuits,Thin film circuits,broader
Nanotechnology,Nanosensors,broader
Testing,Frequency response,broader
Image processing,Image representation,broader
Optics,Ray tracing,broader
Measurement,Pulse measurements,broader
Magnetics,Magnetic devices,broader
Signal processing,Noise,broader
Mechanical factors,Friction,broader
Filters,Notch filters,broader
Algorithms,Backpropagation algorithms,broader
Management,Customer relationship management,broader
Materials processing,Bleaching,broader
Management,Production management,broader
Materials,Organic materials,broader
Mathematics,Random processes,broader
Industry applications,Wine industry,broader
Modeling,Computational modeling,broader
Mathematics,Graph theory,broader
Medical services,Public healthcare,broader
Materials,Intelligent materials,broader
Measurement,Spectroscopy,broader
Materials,Conducting materials,broader
Materials,Fluids,broader
Communication systems,Computer networks,broader
Antennas,Antenna theory,broader
Nanotechnology,Nanofabrication,broader
Antennas,Directive antennas,broader
Measurement,Gas chromatography,broader
Algorithms,Algorithm design and theory,broader
Numerical analysis,Numerical simulation,broader
Communication systems,Wide area networks,broader
Brain,Primary motor cortex,broader
Integrated circuits,Thick film circuits,broader
Filters,Gabor filters,broader
Optics,Aspherical optics,broader
Metals,Alloying,broader
Measurement,Distortion measurement,broader
Materials,Inorganic materials,broader
Brain,Neurodynamics,broader
Control systems,PI control,broader
Metals,Hafnium,broader
Anatomy,Fluids and secretions,broader
Integrated circuits,Digital integrated circuits,broader
Chemical elements,Isotopes,broader
Communication systems,Communication system traffic,broader
Software,Malware,broader
Biology,Biological cells,broader
Image processing,Spatial coherence,broader
Communication systems,Low latency communication,broader
Antennas,Multifrequency antennas,broader
Materials,Radioactive materials,broader
Communication systems,Terahertz communications,broader
Anatomy,Lymphatic system,broader
Circuits,Circuit noise,broader
Robots,Wearable robots,broader
Modeling,Space mapping,broader
Imaging,Microwave imaging,broader
Mathematics,Eigenvalues and eigenfunctions,broader
Circuits,Counting circuits,broader
Image processing,Image texture,broader
Management,Requirements management,broader
Metals,Chromium,broader
Image processing,Feature detection,broader
Sensors,Quantum sensing,broader
Antennas,Directional antennas,broader
Signal processing,Geophysical signal processing,broader
Medical conditions,Paralysis,broader
Statistics,Correlation coefficient,broader
Semiconductor devices,Power semiconductor devices,broader
Medical conditions,Obesity,broader
Economics,Stock markets,broader
Power systems,Power grids,broader
Computer applications,Computer generated music,broader
Industries,Sugar industry,broader
Management,Security management,broader
Software,Application software,broader
Circuits,Logic circuits,broader
Control systems,Closed loop systems,broader
Circuits,Linear circuits,broader
Signal processing,Tracking loops,broader
Robots,Soft robotics,broader
Integrated circuits,Analog-digital integrated circuits,broader
Sensors,Vision sensors,broader
Radar,Quantum radar,broader
Control systems,SCADA systems,broader
Physics,Quantum mechanics,broader
Numerical analysis,Approximation methods,broader
Structural shapes,Wires,broader
Algorithms,Whale optimization algorithms,broader
Algorithms,Compression algorithms,broader
Economics,Economic indicators,broader
Modeling,Object oriented modeling,broader
Circuits,Bistable circuits,broader
Optics,Birefringence,broader
Circuits,Silicon-on-insulator,broader
Signal processing,Optical signal processing,broader
Signal processing,Acoustic signal processing,broader
Materials processing,Heat treatment,broader
Mathematics,Boundary value problems,broader
Measurement,Software measurement,broader
Robots,Androids,broader
Biology,Biological systems,broader
Materials processing,Machining,broader
Communication systems,SIMO communication,broader
Structural shapes,Bars,broader
Nanotechnology,Nanoelectromechanical systems,broader
Industries,Coal industry,broader
Circuits,Millimeter wave integrated circuits,broader
Magnetics,Magnetic analysis,broader
Semiconductor devices,Quantum well lasers,broader
Materials,Laminates,broader
Measurement,Measurement by laser beam,broader
Communication systems,Local area networks,broader
Chemical elements,Iodine,broader
Mathematics,Mathematical models,broader
Communication systems,Internet,broader
Mechanical factors,Vibrations,broader
Materials,Lacquers,broader
Production,Production materials,broader
Communication systems,Broadband communication,broader
Medical treatment,Orthotics,broader
Statistics,Correlation,broader
Integrated circuits,Integrated circuit noise,broader
Materials,Polymers,broader
Chemical elements,Zirconium,broader
Algorithms,Distributed algorithms,broader
Physics,Dark energy,broader
Anatomy,Auditory system,broader
Control systems,Pneumatic systems,broader
Brain,Basal ganglia,broader
Algorithms,Software algorithms,broader
Algorithms,Parallel algorithms,broader
Robots,Visual odometry,broader
Image sequences,Image processing,narrower
Optical engineering,Optics,narrower
FET integrated circuits,Integrated circuits,narrower
Econometrics,Economics,narrower
Thick film sensors,Sensors,narrower
ARPANET,Communication systems,narrower
Electrostatic precipitators,Industry applications,narrower
Gastroenterology,Medical specialties,narrower
Automotive control,Control systems,narrower
Brain cells,Brain,narrower
Self-replicating machines,Nanotechnology,narrower
Demagnetization,Magnetics,narrower
Superluminescent diodes,Semiconductor devices,narrower
Hall effect devices,Semiconductor devices,narrower
Cybersickness,Medical conditions,narrower
Steel industry,Industries,narrower
Lakes,Geoscience,narrower
Thorium,Chemical elements,narrower
Spirals,Mathematics,narrower
Robot programming,Robots,narrower
Nanostructured materials,Materials,narrower
Optical fiber applications,Optics,narrower
Raw materials,Materials,narrower
Helical antennas,Antennas,narrower
Measurement techniques,Measurement,narrower
Integrated circuit modeling,Integrated circuits,narrower
Systems biology,Biology,narrower
Text detection,Image processing,narrower
Particle beam measurements,Measurement,narrower
Computer hacking,Computer security,narrower
Optical control,Control systems,narrower
Chemical reaction network theory,Mathematics,narrower
Traffic control,Control systems,narrower
Power system planning,Power systems,narrower
Magnetic particles,Magnetics,narrower
Euclidean distance,Mathematics,narrower
Power generation economics,Economics,narrower
Military computing,Computer applications,narrower
Image preprocessing,Image processing,narrower
Quantum communication,Communication systems,narrower
Dysprosium,Chemical elements,narrower
Millimeter wave integrated circuits,Integrated circuits,narrower
Load modeling,Modeling,narrower
Biomedical imaging,Imaging,narrower
Context modeling,Modeling,narrower
Feature extraction,Image processing,narrower
Finite volume methods,Numerical analysis,narrower
Antenna accessories,Antennas,narrower
Ventricle system,Brain,narrower
Nonparametric statistics,Statistics,narrower
Broadband antennas,Antennas,narrower
Software debugging,Software,narrower
Power system economics,Power systems,narrower
Image converters,Imaging,narrower
UHF communication,Communication systems,narrower
Robot control,Robots,narrower
Hoses,Mechanical products,narrower
Arithmetic,Mathematics,narrower
Robot sensing systems,Robots,narrower
Harmonic filters,Filters,narrower
Production materials,Materials,narrower
Independent component analysis,Numerical analysis,narrower
Geochemistry,Geoscience,narrower
Temporal lobe,Brain,narrower
Blanking,Manufacturing systems,narrower
Soil measurements,Measurement,narrower
Power system reliability,Power systems,narrower
Optogenetics,Optics,narrower
Bio-inspired materials,Materials,narrower
Robot kinematics,Robots,narrower
Symmetric matrices,Numerical analysis,narrower
Application specific integrated circuits,Integrated circuits,narrower
Channel coding,Information theory,narrower
Azimuth,Mathematics,narrower
Smoothing methods,Mathematics,narrower
Least squares approximations,Numerical analysis,narrower
Image sensors,Imaging,narrower
Transistors,Semiconductor devices,narrower
Tsunami,Geoscience,narrower
Piecewise linear techniques,Mathematics,narrower
Trade agreements,Economics,narrower
Four-wave mixing,Optics,narrower
Positive train control,Control systems,narrower
Neon,Chemical elements,narrower
Multidimensional signal processing,Signal processing,narrower
Linearization techniques,Mathematics,narrower
Power supplies,Power systems,narrower
Gray-scale,Image processing,narrower
Histograms,Statistics,narrower
Magnonics,Magnetics,narrower
Automatic generation control,Control systems,narrower
Contingency management,Management,narrower
Thin film circuits,Integrated circuits,narrower
Rail to rail operation,Circuits,narrower
Entropy,Physics,narrower
Copper,Metals,narrower
Optical character recognition,Software,narrower
Biological tissues,Anatomy,narrower
Cellular manufacturing,Manufacturing systems,narrower
Encoding,Information theory,narrower
Thermal sensors,Sensors,narrower
Horticulture,Industries,narrower
Proof of Work,Computer security,narrower
Resource management,Management,narrower
CMOS integrated circuits,Integrated circuits,narrower
Safety management,Management,narrower
Phase locked loops,Signal processing,narrower
Tornadoes,Geoscience,narrower
Optical antennas,Antennas,narrower
Corpus callosum,Brain,narrower
Predator prey systems,Biology,narrower
Laplace equations,Mathematics,narrower
Biomagnetics,Magnetics,narrower
Built-in self-test,Testing,narrower
Set theory,Mathematics,narrower
Local field potentials,Signal processing,narrower
Accuracy,Mathematics,narrower
Mechanobiology,Biology,narrower
Matching pursuit algorithms,Algorithms,narrower
Decision making,Management,narrower
Educational robots,Robots,narrower
Genetic communication,Information theory,narrower
Light fields,Optics,narrower
Dentistry,Medical treatment,narrower
Biological materials,Materials,narrower
Paper technology,Industry applications,narrower
Impedance measurement,Electric variables measurement,narrower
Multiprocessor interconnection networks,Computer networks,narrower
Nonlinear circuits,Circuits,narrower
Life testing,Testing,narrower
Aluminum,Metals,narrower
Construction,Industries,narrower
Circuit testing,Testing,narrower
Neurotechnology,Brain,narrower
Heuristic algorithms,Algorithms,narrower
Military robotics,Robots,narrower
Data center power,Power systems,narrower
Organ transplantation,Medical services,narrower
Network servers,Computer networks,narrower
Power integrated circuits,Circuits,narrower
Patch antennas,Antennas,narrower
Quantum sensing,Quantum mechanics,narrower
Receiving antennas,Antennas,narrower
Human immunodeficiency virus,Diseases,narrower
Natural gas industry,Industries,narrower
Color,Optics,narrower
Levee,Geoscience,narrower
Measurement units,Measurement,narrower
Rate-distortion,Information theory,narrower
Image reconstruction,Image processing,narrower
Control engineering computing,Computer applications,narrower
Integrated circuit modeling,Modeling,narrower
Nuclear measurements,Measurement,narrower
Assisted living,Medical services,narrower
Programmable logic arrays,Circuits,narrower
Multicast communication,Communication systems,narrower
Hamming weight,Information theory,narrower
Switched circuits,Circuits,narrower
Entertainment industry,Industries,narrower
Neptunium,Chemical elements,narrower
Microstrip antennas,Antennas,narrower
Automobile manufacture,Manufacturing systems,narrower
Magnetic flux,Magnetics,narrower
Virtual private networks,Computer networks,narrower
Solid-state physics,Physics,narrower
Lean production,Manufacturing systems,narrower
Closed box,Software,narrower
Through-silicon vias,Integrated circuits,narrower
Nonlinear equations,Mathematics,narrower
MIS devices,Semiconductor devices,narrower
Health information management,Medical services,narrower
Farming,Industries,narrower
Magnetic communication,Communication systems,narrower
Basis algorithms,Algorithms,narrower
Data-driven modeling,Modeling,narrower
Bidirectional control,Control systems,narrower
Polonium,Chemical elements,narrower
Geometrical optics,Optics,narrower
Holographic optical components,Optical devices,narrower
Simulation,Modeling,narrower
Insulator testing,Testing,narrower
Charge pumps,Circuits,narrower
Natural resources,Geoscience,narrower
Switching systems,Communication systems,narrower
Teleconferencing,Communication systems,narrower
Acoustic measurements,Measurement,narrower
Radar theory,Radar,narrower
Source separation,Signal processing,narrower
Genetic algorithms,Algorithms,narrower
Integumentary system,Anatomy,narrower
Polymer gels,Materials,narrower
Semiconductor process modeling,Modeling,narrower
Inverse problems,Modeling,narrower
Conformal mapping,Mathematics,narrower
Grammar,Professional communication,narrower
Integrated optics,Optics,narrower
Deafness,Medical conditions,narrower
Partial discharge measurement,Electric variables measurement,narrower
Approximation algorithms,Algorithms,narrower
Power system management,Power systems,narrower
Manganese,Metals,narrower
Antenna-in-package,Antennas,narrower
Human resource management,Management,narrower
Synapses,Nervous system,narrower
Optical devices,Optics,narrower
Pursuit algorithms,Algorithms,narrower
Antenna radiation patterns,Antennas,narrower
Medical robotics,Robots,narrower
Signal processing algorithms,Algorithms,narrower
Cancer,Diseases,narrower
Physics education,Physics,narrower
Airborne radar,Radar,narrower
Adaptive mesh refinement,Numerical analysis,narrower
Cognitive radar,Radar,narrower
Cerebrum,Brain,narrower
Glial cells,Nervous system,narrower
Gain measurement,Measurement,narrower
Signal reconstruction,Signal processing,narrower
Automatic control,Control systems,narrower
Optical design,Optics,narrower
Submillimeter wave circuits,Circuits,narrower
Software performance,Software,narrower
Injuries,Medical conditions,narrower
Resists,Materials,narrower
Brain ventricles,Brain,narrower
Telephony,Communication systems,narrower
Power system harmonics,Power systems,narrower
Matched filters,Filters,narrower
Isolators,Circuits,narrower
Digital alloys,Metals,narrower
Profitability,Economics,narrower
Bismuth,Metals,narrower
Brain modeling,Modeling,narrower
Electronic circuits,Circuits,narrower
Hafnium,Chemical elements,narrower
Cyber espionage,Computer security,narrower
Holmium,Chemical elements,narrower
Wire,Materials,narrower
Thyristor circuits,Circuits,narrower
Geology,Geoscience,narrower
Cataracts,Medical conditions,narrower
Wind energy integration,Power systems,narrower
Sliding mode control,Control systems,narrower
Integrated circuit synthesis,Integrated circuits,narrower
Feedback linearization,Control systems,narrower
CAMAC,Control systems,narrower
Cybercare,Medical services,narrower
Europium,Chemical elements,narrower
Spatial diversity,Communication systems,narrower
Parietal lobe,Brain,narrower
Optical collimators,Optical devices,narrower
Transmitting antennas,Antennas,narrower
Videotex,Communication systems,narrower
Root mean square,Statistics,narrower
Patient rehabilitation,Medical treatment,narrower
Density measurement,Measurement,narrower
Agriculture,Industries,narrower
Interferometry,Measurement,narrower
Feedback,Circuits,narrower
Storage management,Management,narrower
Plastics,Materials,narrower
Nanocommunication,Communication systems,narrower
Nanoplasmonics,Nanotechnology,narrower
Driver circuits,Circuits,narrower
Immunology,Medical specialties,narrower
Whispering gallery modes,Optics,narrower
Measurement errors,Measurement,narrower
Facilities management,Management,narrower
Smart pixels,Image processing,narrower
Gallium,Metals,narrower
Conductivity measurement,Electric variables measurement,narrower
Overlay networks,Computer networks,narrower
Electric variables measurement,Measurement,narrower
Optical retarders,Optics,narrower
Medical diagnosis,Medical services,narrower
Structure from motion,Image processing,narrower
Convex functions,Mathematics,narrower
Hypertension,Medical conditions,narrower
Ethernet,Computer networks,narrower
Textiles,Materials,narrower
Semiconductor device noise,Semiconductor devices,narrower
Power industry,Industries,narrower
Semiconductor-insulator interfaces,Semiconductor devices,narrower
Ganglia,Nervous system,narrower
Block signalling,Control systems,narrower
Parametric statistics,Statistics,narrower
Optical mixing,Optics,narrower
Nanolithography,Nanotechnology,narrower
Flow production systems,Manufacturing systems,narrower
Image sampling,Image processing,narrower
Forestry,Geoscience,narrower
Arrhythmia,Medical conditions,narrower
Holography,Imaging,narrower
Software as a service,Software,narrower
Geography,Geoscience,narrower
Telerobotics,Robots,narrower
Optical resonators,Optical devices,narrower
Apertures,Antennas,narrower
Publishing,Computer applications,narrower
Distributed management,Management,narrower
Mobile applications,Computer applications,narrower
Lanthanum,Metals,narrower
Additives,Materials,narrower
Scintillation counters,Measurement,narrower
Signal design,Signal processing,narrower
Optical fiber communication,Communication systems,narrower
Industrial robots,Robots,narrower
Fluid flow,Physics,narrower
Chemical technology,Industry applications,narrower
Software safety,Software,narrower
Nanomagnetics,Magnetics,narrower
Biophotonics,Biology,narrower
Axles,Mechanical products,narrower
Macroeconomics,Economics,narrower
Mode matching methods,Mathematics,narrower
Americium,Chemical elements,narrower
Algebra,Mathematics,narrower
Lumen,Measurement,narrower
Parkinson's disease,Diseases,narrower
Machine-to-machine communications,Communication systems,narrower
Architecture,Industries,narrower
Lorentz covariance,Physics,narrower
Sensory aids,Medical services,narrower
Pulp manufacturing,Manufacturing systems,narrower
Praseodymium,Chemical elements,narrower
Test facilities,Testing,narrower
Cyclones,Geoscience,narrower
Kinetic theory,Physics,narrower
Image storage,Imaging,narrower
Linear discriminant analysis,Statistics,narrower
Reactive power,Power systems,narrower
Communication effectiveness,Professional communication,narrower
Spectrogram,Signal processing,narrower
Power system modeling,Modeling,narrower
Shape measurement,Measurement,narrower
Eczema,Medical conditions,narrower
Radar equipment,Radar,narrower
Laser radar,Radar,narrower
Composite materials,Materials,narrower
Frequency locked loops,Signal processing,narrower
Amygdala,Brain,narrower
Joining processes,Materials processing,narrower
Finite element analysis,Numerical analysis,narrower
Virtual enterprises,Economics,narrower
Barium,Metals,narrower
Detection algorithms,Algorithms,narrower
Marine robots,Robots,narrower
Surface fitting,Numerical analysis,narrower
Supply and demand,Economics,narrower
Length measurement,Measurement,narrower
Recording,Signal processing,narrower
Hazardous materials,Materials,narrower
Image resolution,Image processing,narrower
Accident prevention,Industry applications,narrower
Sediments,Geoscience,narrower
Video conferencing,Communication systems,narrower
Information management,Management,narrower
Distortion,Signal processing,narrower
Electrical stimulation,Medical treatment,narrower
Lithotripsy,Medical treatment,narrower
Geophysics,Physics,narrower
Waste materials,Materials,narrower
Immunotherapy,Medical treatment,narrower
Sulfur,Chemical elements,narrower
Active circuits,Circuits,narrower
Homeostasis,Biology,narrower
Prediction algorithms,Algorithms,narrower
Quality management,Management,narrower
Dermatology,Medical specialties,narrower
Depression,Medical conditions,narrower
Viterbi algorithm,Algorithms,narrower
Petroleum industry,Industries,narrower
Mobile robots,Robots,narrower
Image coding,Image processing,narrower
Neonatology,Medical specialties,narrower
Predator prey systems,Mathematics,narrower
Neuroprostheses,Brain,narrower
Middleware,Software,narrower
Error correction,Signal processing,narrower
Beryllium,Chemical elements,narrower
Surgery,Medical treatment,narrower
Very large scale integration,Circuits,narrower
Sodium,Chemical elements,narrower
Business process management,Management,narrower
Nanobioscience,Biology,narrower
Sheet materials,Materials,narrower
Internet,Computer networks,narrower
Chirp,Signal processing,narrower
Ionizing radiation sensors,Sensors,narrower
Power system faults,Power systems,narrower
Chronic kidney disease,Medical conditions,narrower
RF signals,Signal processing,narrower
Tuberculosis,Diseases,narrower
Systems modeling,Modeling,narrower
Fibrillation,Medical treatment,narrower
Optical filters,Optical devices,narrower
Remanence,Magnetics,narrower
Attenuation measurement,Electric variables measurement,narrower
Intubation,Medical treatment,narrower
Dipole antennas,Antennas,narrower
Boron,Chemical elements,narrower
Antarctica,Geoscience,narrower
Sensitivity,Measurement,narrower
Filtering algorithms,Algorithms,narrower
Nanophotonics,Nanotechnology,narrower
Psychiatry,Medical specialties,narrower
Graphical models,Modeling,narrower
Radiation imaging,Imaging,narrower
Frequency measurement,Measurement,narrower
Computer network management,Computer networks,narrower
Ruthenium,Chemical elements,narrower
Amorphous materials,Materials,narrower
Radio communication,Communication systems,narrower
Power distribution,Power systems,narrower
Green computing,Computer applications,narrower
Batch production systems,Manufacturing systems,narrower
Conformance testing,Testing,narrower
Crystalline materials,Materials,narrower
Optical wavelength conversion,Signal processing,narrower
Transforms,Mathematics,narrower
Subscriber loops,Communication systems,narrower
Aggregates,Materials,narrower
Bistatic radar,Radar,narrower
Time measurement,Measurement,narrower
Lenses,Optical devices,narrower
Electromechanical sensors,Sensors,narrower
Comb filters,Filters,narrower
Tumors,Medical conditions,narrower
Gas industry,Industries,narrower
Nonlinear optics,Optics,narrower
Defense industry,Industries,narrower
Penetration testing,Computer security,narrower
Limit-cycles,Mathematics,narrower
Mesoporous materials,Materials,narrower
Bromine,Chemical elements,narrower
Nerve endings,Nervous system,narrower
Image segmentation,Image processing,narrower
Collimators,Optical devices,narrower
Proton therapy,Medical treatment,narrower
Projection algorithms,Algorithms,narrower
Semiconductor materials,Materials,narrower
Rare earth metals,Metals,narrower
Wideband,Communication systems,narrower
Environmental management,Industry applications,narrower
Ensemble learning,Statistics,narrower
Magnetic forces,Magnetics,narrower
Luminescent devices,Optical devices,narrower
Radar signal processing,Signal processing,narrower
Loaded antennas,Antennas,narrower
Diabetes,Medical conditions,narrower
Next generation networking,Computer networks,narrower
Radar clutter,Radar,narrower
Size measurement,Measurement,narrower
Influenza,Diseases,narrower
Thick film circuits,Circuits,narrower
Hybrid integrated circuits,Circuits,narrower
Tin,Metals,narrower
Nanostructured materials,Nanotechnology,narrower
Sleep apnea,Medical conditions,narrower
Active filters,Filters,narrower
Microwave circuits,Circuits,narrower
Radiography,Imaging,narrower
Wafer scale integration,Integrated circuits,narrower
Nervous system,Anatomy,narrower
Magnetization processes,Magnetics,narrower
Acoustic materials,Materials,narrower
Gold,Metals,narrower
Circuit analysis,Circuits,narrower
Infrared sensors,Sensors,narrower
Semiconductor device measurement,Measurement,narrower
Silicon devices,Semiconductor devices,narrower
Endocrinology,Medical specialties,narrower
Calcium,Metals,narrower
Roentgenium,Chemical elements,narrower
Hydrogen,Chemical elements,narrower
Cyberspace,Computer networks,narrower
Aquatic robots,Robots,narrower
Metamaterials,Materials,narrower
Finite element analysis,Mathematics,narrower
Sense organs,Anatomy,narrower
Thallium,Chemical elements,narrower
Brain,Nervous system,narrower
Convolution,Signal processing,narrower
Body regions,Anatomy,narrower
Low-pass filters,Filters,narrower
Image recognition,Image processing,narrower
Sensor phenomena and characterization,Sensors,narrower
Bone diseases,Diseases,narrower
Omnidirectional antennas,Antennas,narrower
Control equipment,Control systems,narrower
Wireless sensor networks,Communication systems,narrower
Supervisory control,Control systems,narrower
Medical tests,Medical services,narrower
Terahertz materials,Materials,narrower
Photonic integrated circuits,Integrated circuits,narrower
Steering systems,Mechanical products,narrower
Multistatic radar,Radar,narrower
Microeconomics,Economics,narrower
Loop antennas,Antennas,narrower
Strontium,Metals,narrower
Magnetic variables control,Control systems,narrower
Spin systems,Magnetics,narrower
Optimal control,Control systems,narrower
Laser materials processing,Materials processing,narrower
Control system synthesis,Control systems,narrower
Brightness,Optics,narrower
Brakes,Mechanical products,narrower
International trade,Economics,narrower
Quantum circuit,Circuits,narrower
Rescue robots,Robots,narrower
Embolization,Medical treatment,narrower
Pressure measurement,Measurement,narrower
Satellite ground stations,Communication systems,narrower
Optical fiber testing,Testing,narrower
Pulse circuits,Circuits,narrower
Ammeters,Electric variables measurement,narrower
Material properties,Materials,narrower
Dielectric measurement,Electric variables measurement,narrower
Geometry,Mathematics,narrower
Failure analysis,Testing,narrower
Californium,Chemical elements,narrower
Vanadium,Chemical elements,narrower
Soft sensors,Software,narrower
Piezoresistive devices,Semiconductor devices,narrower
Very high speed integrated circuits,Integrated circuits,narrower
Logic arrays,Circuits,narrower
Millimeter wave radar,Radar,narrower
Phase measurement,Measurement,narrower
Biochemistry,Biology,narrower
Fluid flow measurement,Measurement,narrower
Bridge circuits,Circuits,narrower
Trigger circuits,Circuits,narrower
Rubidium,Chemical elements,narrower
Kernel,Mathematics,narrower
Cardiology,Medical specialties,narrower
Vehicle-to-everything,Communication systems,narrower
Silver,Metals,narrower
Cruise control,Control systems,narrower
Log-periodic dipole antennas,Antennas,narrower
Indium,Metals,narrower
Multimodal sensors,Sensors,narrower
Retroreflectors,Optical devices,narrower
Microscopy,Imaging,narrower
Very large scale integration,Integrated circuits,narrower
Dielectric materials,Materials,narrower
Authentication,Computer security,narrower
Denial-of-service attack,Computer security,narrower
Aneurysm,Medical conditions,narrower
Mobile communication,Communication systems,narrower
Shear testing,Testing,narrower
Intelligent robots,Robots,narrower
Submillimeter wave integrated circuits,Integrated circuits,narrower
Substations,Power systems,narrower
Satellite antennas,Antennas,narrower
Autopilot,Control systems,narrower
Frontal lobe,Brain,narrower
Krypton,Chemical elements,narrower
Distance measurement,Measurement,narrower
Semiconductor counters,Semiconductor devices,narrower
Pharmaceuticals,Medical treatment,narrower
Gaze tracking,Hyperspectral imaging,other
Deductive databases,Mechanical power transmission,other
Vehicles,Dielectric measurement,other
Spinal cord injury,Excavation,other
Coplanar transmission lines,Edge computing,other
Requirements engineering,Commutation,other
Software reliability,Frequency shift keying,other
Atomic clocks,Loading,other
Neutron capture therapy,Continuous improvement,other
Ambient networks,Ceramic capacitors,other
File servers,Rigidity,other
Embryonic structures,Time complexity,other
Systems modeling,Radar detection,other
Food industry,Timing,other
Marine technology,Gait recognition,other
Polar codes,Anatomical structure,other
Diamagnetic materials,Trajectory planning,other
Vivaldi antennas,Encyclopedias,other
Radar,Wavelet analysis,other
Prosthetics,Garnet films,other
Mixed integer linear programming,Intelligent manufacturing systems,other
Geothermal power generation,Photonic bandgap fibers,other
Hypertension,Bioinformatics,other
Reverberation chambers,Electronic packaging thermal management,other
Self-organizing networks,Mutual information,other
Broadcasting,Superconducting films,other
Surface fitting,Radiowave propagation,other
Geothermal power generation,Python,other
Coal industry,Data communication,other
Classification algorithms,Qualifications,other
Space missions,Failure analysis,other
Fractals,Resistive RAM,other
Nanopores,Solenoids,other
Piezoresistive devices,Eyelids,other
Readout electronics,Mars,other
Solids,Brain mapping,other
Diversity methods,Microgrids,other
Ant colony optimization,Microwave FETs,other
Quantum dots,Visual impairment,other
Uncertainty,Half-duplex system,other
Plating,Calcium compounds,other
Scientific computing,National security,other
Floods,Cyclic redundancy check,other
Reverberation,MPEG 7 Standard,other
Particle accelerators,Mobile applications,other
Bulk acoustic wave devices,Gas insulation,other
X reality,ETSI Standards,other
Histopathology,Traffic congestion,other
Resonators,Collaborative intelligence,other
Remote handling,Pollution control,other
Diffusion bonding,Thin films,other
Classification algorithms,Test equipment,other
Discrete wavelet transforms,Behavioral sciences,other
Ohmic contacts,Cybercare,other
Electrolytes,Representational state transfer,other
Space radiation,Fuel processing industries,other
Terahertz radiation,Motion capture,other
Fall detection,Teleworking,other
Machine ethics,White matter,other
Plastic optical fiber,Chemical hazards,other
Active RFID tags,Weibull fading channels,other
Nonconductive adhesives,Surface fitting,other
Acoustic reflection,Head,other
Textile industry,Wavelet coefficients,other
Orthopedic procedures,Fractal antennas,other
Programmable logic arrays,Deuterium,other
Surface fitting,Message passing,other
Archeology,Electronic switching systems,other
Three-dimensional displays,Virtualization,other
Switching loss,Optical mixing,other
Process design,Weibull distribution,other
Spinal cord injury,Vocational training,other
Morphological operations,Laser fusion,other
Three-dimensional displays,Electrochemical devices,other
Boosting,Plastic integrated circuit packaging,other
Systems modeling,Subcontracting,other
Decorrelation,DC generators,other
Bulk acoustic wave devices,Scintillation counters,other
Histopathology,Temperature distribution,other
Electrochromic devices,Dynamic voltage scaling,other
Radar,Thermal lensing,other
Frequency shift keying,Cryogenic electronics,other
Impersonation attacks,Tuned circuits,other
Sonar measurements,Numerical stability,other
Platinum alloys,Multilevel systems,other
Convergence,Optical refraction,other
Impersonation attacks,International trade,other
Cobalt alloys,Superconducting transition temperature,other
Infrared sensors,Wastewater,other
Hypertension,Electrostatic actuators,other
Plating,Hydraulic systems,other
Packet switching,Sharing economy,other
Azimuth,Quantum mechanics,other
Control theory,Military communication,other
Network address translation,Peltier effect,other
Centralized control,Thin film transistors,other
Object recognition,Biofuels,other
Emissions trading,Metal foam,other
Booting,Production engineering,other
Image capture,Microwave magnetics,other
Broadcasting,Mainframes,other
Doped fiber amplifiers,Micromanipulators,other
Scientific computing,UHF circuits,other
Turnkey project,Fluctuations,other
Diffraction gratings,Neural microtechnology,other
Fast Fourier transforms,Parasitic capacitance,other
Automatic control,Additive white noise,other
Nonconductive adhesives,Stochastic resonance,other
Rail to rail inputs,Electrocardiography,other
Quantum networks,Loans and mortgages,other
Electrostatic devices,Software defined networking,other
Smart materials,Floppy disks,other
Protective clothing,Grammar,other
Mobile learning,Excitons,other
Microcell networks,Electron multipliers,other
Power system protection,Nuclear fuels,other
Frequency-domain analysis,Wearable robots,other
Fiber reinforced plastics,Overlay networks,other
Oil filled cables,Nonlinear filters,other
Radiation protection,Facial animation,other
Microwave communication,Plastics industry,other
Data preprocessing,Electron microscopy,other
Set theory,Bone diseases,other
Polarization shift keying,Impersonation attacks,other
MOS integrated circuits,Molding equipment,other
Quantum networks,Physical theory of diffraction,other
Switching loss,Fans,other
Aerospace electronics,Home computing,other
Electronic commerce,Coronaviruses,other
Spinal cord injury,Synthetic fibers,other
Flow production systems,Micromagnetics,other
Krypton,Mirrors,other
Dictionaries,Electric current control,other
Programmable logic arrays,Logic programming,other
Wireless personal area networks,Debugging,other
mHEMTs,Photoreceptors,other
Reflectometry,Gaze tracking,other
Job design,Silicon photonics,other
Smart materials,Multiskilling,other
Morphological operations,Covariance matrices,other
Electroencephalography,Admittance measurement,other
Authentication,Bragg gratings,other
Man-machine systems,Level control,other
Iterative methods,Gyrotrons,other
Radio access technologies,Impurities,other
Power system protection,Self-assembly,other
Variable speed drives,Paper making,other
Variable speed drives,Phonocardiography,other
Job design,Barium compounds,other
Atomic clocks,Foot,other
CD-ROMs,System buses,other
Electroencephalography,Optical pumping,other
Planar waveguides,Cognitive processes,other
Guns,Programming,other
Electromechanical devices,Structural shells,other
Bean model,Parameter extraction,other
Surface cleaning,Austenite,other
Spectroradiometers,Contacts,other
Piezoresistive devices,Potassium,other
Programmable logic arrays,Current,other
Electronic publishing,Clothing,other
Dictionaries,Prosthetic limbs,other
Optical modulators,PD control,other
Process design,Palladium,other
Radio transceivers,Thermoresistivity,other
Radio access networks,Heat transfer,other
Robot programming,Medical signal detection,other
Diffraction gratings,Sugar industry,other
Streaming media,Zero correlation zone,other
Marine transportation,Dimensionality reduction,other
Curriculum development,Fractal antennas,other
Atomic force microscopy,Conference management,other
Ball milling,Niobium-tin,other
Scientific computing,AC-AC converters,other
Flammability,Human factors,other
Azimuth,Tree graphs,other
Piezoelectricity,Vacuum systems,other
Spinal cord injury,Distributed parameter systems,other
Sonar measurements,Buoyancy,other
Charge measurement,Optical sensors,other
Plating,Multicore processing,other
Curriculum development,Optogenetics,other
Government policies,Wireless sensor networks,other
Consensus protocol,Thermal resistance,other
Marine technology,Liquid nitrogen,other
Microwave magnetics,Furnaces,other
Reverberation,Cosmic rays,other
Microwave circuits,Acoustic reflection,other
Atomic clocks,Neurites,other
Job design,Computational geometry,other
Discrete wavelet transforms,Digital-to-frequency converters,other
Broadcast technology,Accidents,other
Interferometry,Marine vegetation,other
Image capture,Road accidents,other
Streaming media,Inverters,other
Fractals,Support vector machine classification,other
Postal services,Esophagus,other
Wind tunnels,Program processors,other
Pyroelectric devices,Boundary value problems,other
Discrete wavelet transforms,Touch sensitive screens,other
Orthopedic procedures,Superconductive tunneling,other
Software engineering,Neuroscience,other
Automotive components,Telephony,other
Quantum dots,Electromagnetic heating,other
Automotive engineering,Computational cultural modeling,other
Thermal management,Handwriting recognition,other
Polarization shift keying,Fluid dynamics,other
Estimation,Tsunami,other
Weibull distribution,Shipbuilding industry,other
Pattern clustering,Clinical diagnosis,other
Broadcasting,Steam engines,other
Railway electrification,Ring oscillators,other
Classification tree analysis,Thermal management of electronics,other
Spinal cord injury,Intserv networks,other
Wind energy,Open source software,other
Uniaxial strain,Millennials,other
Energy harvesting,Underwater technology,other
Machine shops,Neurophysiology,other
Electric resistance,Filtration,other
Drilling,Fingerprint recognition,other
Control theory,Office automation,other
Thyratrons,Stability criteria,other
Surface cleaning,Software quality,other
Surface cleaning,UHDTV,other
Grounding,Calcium,other
Control theory,Bonding forces,other
Atmospheric waves,Filtering,other
Accelerator architectures,Isobaric processes,other
Atomic force microscopy,Switched circuits,other
Control theory,Power electronics,other
Communication system traffic control,Military robotics,other
Thyratrons,Glow discharges,other
Plastic integrated circuit packaging,Life estimation,other
Magnetic cores,Computational complexity,other
Vivaldi antennas,Ice,other
Ant colony optimization,Fluids,other
Holography,Ionization,other
Venus,Doped fiber amplifiers,other
Control theory,Static analysis,other
Agricultural robots,Embolization,other
Picture archiving and communication systems,Electrophysiology,other
Pancreas,Volume relaxation,other
Oscillators,Probes,other
Motors,Accreditation,other
Anxiety disorders,Proton radiation effects,other
Dielectric resonator antennas,Computer crime,other
Pattern clustering,Optical fiber sensors,other
Smart cards,Health information management,other
Energy informatics,Cornea,other
Plastic optical fiber,Uninterruptible power systems,other
Low-carbon economy,Steel,other
Aerospace electronics,Solvents,other
Intracranial pressure sensors,Superconducting magnetic energy storage,other
Fractals,Intelligent vehicles,other
Archeology,AI accelerators,other
Postal services,Scientific computing,other
Organic inorganic hybrid materials,Passive filters,other
Acoustic arrays,Diamond-like carbon,other
Wind energy,UHF circuits,other
Pathological processes,Voltage control,other
Cepstral analysis,Spark Plasma sintering,other
Magnetic fields,Comets,other
Fall detection,Collaborative intelligence,other
Booting,Power system protection,other
Iterative methods,Affective computing,other
Analog-digital conversion,Power steering,other
Optical modulators,MLFMA,other
Plastic optical fiber,Forging,other
Pain,Image texture,other
Silicon devices,Temperature distribution,other
Self-study courses,Near-field radiation pattern,other
Azimuth,Lung neoplasms,other
Active networking,Psychoacoustics,other
Eigenvalues and eigenfunctions,Watches,other
Weibull distribution,Multiplexing equipment,other
Rate distortion theory,Magnetic films,other
Glass products,Cladding techniques,other
Embryonic structures,Input-output programs,other
Plating,Bifurcation,other
Ion implantation,Tracking loops,other
SGML,Microwave propagation,other
Ion implantation,Sociotechnical systems,other
Coal industry,Multiprocessing systems,other
Virtual power plants,Osteoporosis,other
Machine tools,Pollution measurement,other
Rate distortion theory,Silver,other
Marine technology,Thin film circuits,other
Quantum cascade lasers,Handwriting recognition,other
Plastic integrated circuit packaging,Internet topology,other
Diffusion bonding,Bladder,other
Radio access networks,Astronomy,other
Exchange rates,Acousto-optical devices,other
Lithium-sulfur batteries,Photovoltaic cells,other
Motors,Furnaces,other
Low-carbon economy,Optimal control,other
Solid state drives,Control equipment,other
Lasers,Ferroelectric devices,other
Military computing,Trees - insulation,other
Cranes,Visual systems,other
Wireless personal area networks,Integrated circuit technology,other
Authentication,Estimation theory,other
Fiber reinforced plastics,Power system reliability,other
Anxiety disorders,Semisupervised learning,other
Three-dimensional displays,Volume measurement,other
FET integrated circuits,Multiple access interference,other
Wine industry,Stationary state,other
Consensus protocol,Image databases,other
Intracranial pressure sensors,Perineum,other
Nuclear power generation,Filter banks,other
Piezoelectricity,Autonomous driving,other
Business intelligence,Social robots,other
Transversal filters,Metallic materials,other
Foot,Terahertz radiation,other
Eigenvalues and eigenfunctions,Machine components,other
CD-ROMs,Abstract algebra,other
Radiation protection,Gallium alloys,other
Thin films,Voltage control,other
Ice surface,Concrete,other
Electrochromic devices,Microinjection,other
Quantum networks,Radiofrequency interference,other
Colored noise,Polymer foams,other
Strategic planning,Airborne radar,other
Self-organizing networks,Endomicroscopy,other
Home computing,Character generation,other
Irrigation,Utility programs,other
Lithium-sulfur batteries,Estimation,other
Loaded waveguides,Cinematography,other
Plastic optical fiber,Singular value decomposition,other
Radio access technologies,Snake robots,other
Atmospheric waves,Interpolation,other
Silicon devices,Anesthesia,other
Transport protocols,Millimeter wave devices,other
Electrochromic devices,Particle beam injection,other
Mobile learning,Representation learning,other
Fuel economy,Germanium silicon alloys,other
Business intelligence,MIMO communication,other
Hybrid learning,Boats,other
Optical modulators,Wireless LAN,other
Packet switching,Semiconductor nanotubes,other
Geothermal power generation,Object detection,other
Machine shops,Elementary particle vacuum,other
Doped fiber amplifiers,Tagging,other
Functional magnetic resonance imaging,Gender issues,other
NOMA,CMOSFETs,other
Earthquakes,Honeycomb structures,other
Classification tree analysis,Structural plates,other
Propellers,Anxiety disorders,other
Radio access networks,Alcoholic beverages,other
Glass,Information geometry,other
Transmission line measurements,Neuroradiology,other
Wind tunnels,Software development management,other
New Radio,Free electron lasers,other
Fast Fourier transforms,CMOS logic circuits,other
Plastic optical fiber,Boundary-element methods,other
Integrated circuit metallization,Phase distortion,other
Protective clothing,Semiconductor device breakdown,other
Australia,Vapor deposition,other
Ball milling,Bromine compounds,other
Acoustic reflection,Dark matter,other
Switching loss,Chebyshev approximation,other
Climate change,Optical interferometry,other
Prediction theory,Lasers,other
Fall detection,Kidney stones,other
Spreadsheet programs,Geoengineering,other
Comets,Patent law,other
Software reliability,Fuzzy reasoning,other
Holography,Disk recording,other
Microwave circuits,Continuing education,other
Business intelligence,Scanning probe data storage,other
Voting,Tungsten,other
Share prices,Formal concept analysis,other
Spinal cord injury,Wine industry,other
Hollow waveguides,Ergonomics,other
Radiofrequency safety,Radio communication countermeasures,other
Disk drives,Logic programming,other
Portfolios,Trajectory tracking,other
Fast Fourier transforms,Logic programming,other
Sonar measurements,Economic forecasting,other
Network resource management,Surface tension,other
Prosthetics,Steganography,other
Jamming,Bipolar transistor circuits,other
Booting,Blood flow,other
Histopathology,Pump lasers,other
Gaze tracking,Weaving,other
Magnetic cores,Furnaces,other
Nonlinear circuits,Least mean squares methods,other
Turnkey project,Samarium compounds,other
Embryonic structures,Computed tomography,other
Requirements engineering,Biomedical measurement,other
Electronic voting systems,Unsupervised learning,other
Digital divide,Pressure sensors,other
Weibull distribution,Washing machines,other
Digital recording,Injection-locked oscillators,other
Food industry,Serious games,other
Information and communication technology,Oil insulation,other
Electromagnetic wave absorption,Volcanic ash,other
Infrared sensors,Licenses,other
Fast Fourier transforms,Superconducting magnetic energy storage,other
Quantum networks,Axles,other
Particle accelerators,Swarm robotics,other
Magnetic variables measurement,Burnishing,other
Venus,Plastic integrated circuit packaging,other
Lean production,Particle tracking,other
X-ray telescopes,Diakoptics,other
Programmable logic arrays,Manuals,other
Variable speed drives,Carrier confinement,other
Reverberation chambers,Microphone arrays,other
Machine shops,Colon,other
Pancreas,Resists,other
Physical unclonable function,Helicopters,other
Brain cells,Service level agreements,other
Pyroelectric devices,Deep learning,other
Digital recording,Rapid prototyping,other
mHEMTs,Chatbots,other
Cranes,Demand side management,other
Irrigation,Landslides,other
Software algorithms,Cyclones,other
Bioinformatics,Message-oriented middleware,other
Particle accelerators,Neuroplasticity,other
Radiation protection,Agricultural machinery,other
Innovation management,Biochips,other
Reflectometry,Power engineering education,other
Brain injuries,Machine learning algorithms,other
Equipment failure,Atom lasers,other
Feedback loop,Hyperspectral sensors,other
X-ray telescopes,Electricity supply industry deregulation,other
Weibull distribution,Electrostatic analysis,other
Diamagnetic materials,Hydrocarbons,other
Estimation,Intelligent structures,other
Radiation protection,Biological cells,other
Azimuthal current,Electromagnetic transients,other
Dictionaries,Telephone sets,other
Scintillation counters,Piezoresistive devices,other
Electrostatic devices,Laser surgery,other
Remote handling,Skin effect,other
Transport protocols,X-ray diffraction,other
Adaptive systems,Shock absorbers,other
Functional magnetic resonance imaging,Heat engines,other
Ohmic contacts,Wireless application protocol,other
Toy industry,Open wireless architecture,other
CMOS memory circuits,Thin film transistors,other
Embryonic structures,Data visualization,other
Atomic force microscopy,Sagnac interferometers,other
Strategic planning,Calcium,other
Paper mills,Phishing,other
Broadcasting,Permittivity measurement,other
Floods,Radiofrequency integrated circuits,other
Digital recording,Runtime,other
Teleoperators,Smart meters,other
New Radio,Pressure vessels,other
Permanent magnets,Carotid arteries,other
Glass,Constraint handling,other
Electronic voting systems,Pressure effects,other
Embryonic structures,Passive radar,other
Floods,Digital intelligence,other
Iterative decoding,Germanium alloys,other
Electromechanical devices,Wavelet coefficients,other
Electric resistance,Filler metals,other
Curriculum development,Cable insulation,other
Strategic planning,Turbines,other
Share prices,Multifrequency antennas,other
Atoms,Liver diseases,other
Electronic voting systems,Ocean temperature,other
Spreadsheet programs,Construction industry,other
Planar waveguides,Quaternions,other
Visible light communication,Cognitive robotics,other
Biomedical electronics,Reverberation,other
Vehicles,Radiation effects,other
Linear circuits,Environmental management,other
Morphological operations,Organizations,other
Fiducial markers,Proton accelerators,other
Broadcast technology,Neuroplasticity,other
Hybrid learning,Electrons,other
Consensus protocol,Charge pumps,other
Azimuth,Winches,other
Terahertz radiation,Passwords,other
Machine shops,Opportunistic software systems development,other
Fiducial markers,Phosphorescence,other
Corporate acquisitions,Spatial databases,other
Visible light communication,Infrared imaging,other
Intracranial pressure sensors,Gaskets,other
Process design,Human anatomy,other
Home computing,Physical layer security,other
Prediction theory,Explosions,other
Carotid arteries,Frame relay,other
Eigenvalues and eigenfunctions,Thermostats,other
Phase transformers,Service-oriented systems engineering,other
Network resource management,Power system relaying,other
Azimuth,Foundries,other
Machine tools,Pulsed electroacoustic methods,other
Adaptive systems,Resistance heating,other
Flammability,Classification tree analysis,other
Electrolytes,Digital printing,other
Linear circuits,Microwave sensors,other
Brain cells,Rail to rail amplifiers,other
Textile industry,Linear regression,other
Wind energy,Thermoplastic polyethylene,other
Digital divide,Radio propagation,other
Electronic voting systems,Power system planning,other
Actuators,Interchannel interference,other
Thin films,Edge computing,other
Bean model,Data processing,other
Cognition,Induction heating,other
Electrolytes,Comb filters,other
Guns,not_relatedGPP Standards,other
Fractals,Professional communication,other
Continuing education,Interference suppression,other
Transversal filters,Software prototyping,other
Network resource management,Skin neoplasms,other
Pancreas,Light fields,other
Pathological processes,X-ray lithography,other
Integrated memory circuits,Neurostimulation,other
Comets,Technology transfer,other
Visible light communication,Bioterrorism,other
Electronic commerce,Collimators,other
Organic inorganic hybrid materials,Video equipment,other
Flammability,Analog integrated circuits,other
Feature extraction,Machining,other
Decorrelation,Railway electrification,other
Metaheuristics,Renewable energy sources,other
Exchange rates,Gallium arsenide,other
Nanopackaging,Application specific integrated circuits,other
Dielectric resonator antennas,Superconducting cables,other
Shingled magnetic recording,Mass spectroscopy,other
Switching loss,Gyroscopes,other
Reverberation,Communication aids,other
Iterative decoding,Wind tunnels,other
Quantum dots,Standardization,other
Earth,Digital signal processors,other
Communication equipment,Stochastic processes,other
Rate distortion theory,Brain stimulation,other
Foot,Millimeter wave measurements,other
Pathological processes,Slot lines,other
Radiation protection,Pattern classification,other
Australia,Multitasking,other
Acoustic arrays,Whole body imaging,other
Metaheuristics,Topological insulators,other
Particle accelerators,Pigmentation,other
Hypertension,Radiation effects,other
Glass industry,Voltage,other
Power system protection,Gyrotropism,other
Coal industry,Nervous system,other
Booting,Multicast VPN,other
Interferometry,Surface engineering,other
Eigenvalues and eigenfunctions,Coherence,other
Shingled magnetic recording,Electric potential,other
Radar,Central Processing Unit,other
Myelin,Sensorless control,other
Lasers,Video equipment,other
Radio transceivers,Mathematical analysis,other
Atomic beams,Green's function methods,other
Embryonic structures,Optical noise,other
Convergence,Band structures,other
Underwater acoustics,Organic inorganic hybrid materials,other
Software engineering,AC-AC converters,other
Earth,Data structures,other
Weibull distribution,Environmental engineering,other
Fiducial markers,Meter reading,other
Radiofrequency safety,Catalysis,other
Broadcast technology,Turing machines,other
Radiation detector circuits,Radiation detection circuitry,same-as
Loss measurement,Loss Evaluation,same-as
White matter,White brain matter,same-as
AC-DC power converters,AC-DC power convertors,same-as
Communication networks,Telecommunication networks,same-as
Bio-inspired computing,Bioinspired computing,same-as
Infrared sensors,IR detectors,same-as
Noise reduction,Noise suppression,same-as
Pulse measurements,Pulse analysis,same-as
Wavelet domain,Wavelet space,same-as
Feedback,Response,same-as
PD control,Proportional plus derivative control,same-as
Liquid nitrogen,Cryogenic nitrogen,same-as
Pediatrics,Paediatrics,same-as
Human computer interaction,HCI,same-as
Autonomous automobiles,Driver free automobiles,same-as
Analog circuits,Analog circuitry,same-as
Time measurement,Time gauging,same-as
Reflectometry,Reflectance Measurement,same-as
Nuclear weapons,Atomic weapons,same-as
Direction-of-arrival estimation,DOA estimation,same-as
Hybrid learning,Blended learning,same-as
Iodine,Iodine element,same-as
Computed tomography,Computerised tomography,same-as
Radar,Radio Detection and Ranging,same-as
Vehicle-to-everything,Vehicle-to-Everything Communications,same-as
Trigger circuits,Activation circuits,same-as
Client-server systems,Clientserver systems,same-as
Analog-digital integrated circuits,Analogue-digital integrated circuits,same-as
SISO communication,Single Input Single Output Communication,same-as
Spaceborne radar,Space born radar,same-as
Radiofrequency integrated circuits,RF integrated circuits,same-as
CAMAC,Computer Automated Measurement and Control,same-as
Thermal resistance,Heat resistance,same-as
Transmission line matrix methods,TLM Techniques,same-as
Videophone systems,Video calling systems,same-as
Online banking,Internet banking,same-as
Set theory,Theory of sets,same-as
Induction motors,Asynchronous motors,same-as
Distributed power generation,Distributed generation,same-as
Postal services,Mail services,same-as
Self-organizing feature maps,SOM,same-as
MISO communication,Multiple Input Single Output Communication,same-as
5G mobile communication,5th generation mobile systems,same-as
Fluid dynamics,Fluid flow dynamics,same-as
Microwave circuits,Microwave electronic circuits,same-as
Integrated memory circuits,Memory integrated circuits,same-as
Moisture control,Humidity management,same-as
Iterative methods,Iterative algorithms,same-as
Aluminum,Aluminio,same-as
Submillimeter wave communication,Terahertz Wave Communication,same-as
Turing machines,Turing devices,same-as
Semiconductor device breakdown,Semiconductor failure,same-as
Analog circuits,Analog electronic circuits,same-as
Phase shifters,Phase shift devices,same-as
HEMTs,High-electron-mobility transistors,same-as
Quantum communication,Quantum information transfer,same-as
Spectroscopy,Spectral analysis,same-as
Pareto optimization,Pareto optimisation,same-as
Ultra wideband technology,Ultra wideband,same-as
Quaternions,Hypercomplex numbers,same-as
Rail to rail operation,Full swing operation,same-as
Circuit synthesis,Electronic circuit formulation,same-as
Coordinate measuring machines,CMM devices,same-as
Wavelet coefficients,Wavelet Transform Coefficients,same-as
Sensorless control,Non-sensor Control,same-as
Centralized control,Centralized management,same-as
Solvents,Dissolving agents,same-as
Light emitting diodes,LED,same-as
Business process re-engineering,Business process redesign,same-as
Autonomous aerial vehicles,Unpiloted air vehicles,same-as
Pulse circuits,Pulse Signal Circuits,same-as
Three-dimensional displays,3D display systems,same-as
Wind energy,Wind power,same-as
Analog-digital conversion,Analog-to-digital transformation,same-as
Methanol,Wood alcohol,same-as
Circuit faults,Circuit malfunctions,same-as
Power integrated circuits,Energy Integrated Circuits,same-as
Predator prey systems,Predator-prey dynamics,same-as
Risk management,Risk mitigation,same-as
Size measurement,Dimension Assessment,same-as
Laser materials processing,Laser fabrication techniques,same-as
Spark Plasma sintering,Field Assisted Sintering Technique (FAST),same-as
Debugging,Fault Finding,same-as
Pancreas,Pancreatic gland,same-as
Semiconductor device measurement,Semiconductor device testing,same-as
Isotopes,Atomic variations,same-as
PD control,Proportional-derivative control,same-as
Metropolitan area networks,Urban area networks,same-as
License plate recognition,Automatic-number plate recognition,same-as
CNTFETs,Carbon-nanotube FETs,same-as
Wideband,Broadband,same-as
Turnkey project,Turnkey solution,same-as
Cross layer design,Layer Interaction Design,same-as
Cyberbullying,Online bullying,same-as
Resins,Synthetic polymers,same-as
Formal concept analysis,Concept Lattice Analysis,same-as
Bio-inspired computing,Biologically inspired computing,same-as
Continuous wavelet transforms,Continuous Wavelet Analysis,same-as
Thyristor circuits,SCR Circuits,same-as
Underwater cables,Sub-sea cables,same-as
Frequency-domain analysis,Spectral analysis,same-as
Computer crime,Cyber-crime,same-as
Electro-optic modulators,Electrooptic modulators,same-as
Charge carrier processes,Carrier processes,same-as
Regional area networks,Regional networks,same-as
Global Positioning System,GPS,same-as
Linear matrix inequalities,LMI,same-as
Dysprosium,Dysprosium Element,same-as
Shingled magnetic recording,Overlapped magnetic recording,same-as
Personal communication networks,Individual communication networks,same-as
Maximum a posteriori estimation,Maximum a-posteriori,same-as
Pulse width modulation converters,PWM converters,same-as
Radiation protection,Radiation safety,same-as
Light emitting diodes,LEDs,same-as
PI control,Proportional-Integral control,same-as
Data breach,Data Leak,same-as
Measurement techniques,Measuring Methods,same-as
Nonlinear control systems,Nonlinear dynamic systems,same-as
Spaceborne radar,Satellite born radar,same-as
Image capture,Image acquisition,same-as
Multiprocessing systems,Parallel processing systems,same-as
Integrated circuits,Microchips,same-as
Analog-digital integrated circuits,Analogue digital integrated circuits,same-as
Three-dimensional displays,3D displays,same-as
Cramer-Rao bounds,Cramer Rao bounds,same-as
Aspherical optics,Aspheric optics,same-as
Autonomous automobiles,Self-driving automobiles,same-as
Missile control,Missile guidance,same-as
Photoreceptors,Light-sensitive cells,same-as
Noise reduction,De-noising,same-as
Agricultural robots,Farming automation systems,same-as
Chemical elements,Elemental substances,same-as
Finite difference methods,Finite-difference methods,same-as
Motion compensation,Motion correction,same-as
Euclidean distance,Euclidean metric,same-as
Chebyshev approximation,Chebyshev polynomial approximation,same-as
Programmable logic devices,Programmable Logic Chips,same-as
Size measurement,Measurement of Size,same-as
Machine assisted indexing,Machine aided indexing,same-as
Algebra,Mathematical algebra,same-as
Ultra wideband technology,UWB technology,same-as
Finite element analysis,Finite element method,same-as
Prosthetics,Artificial limbs,same-as
Electronic learning,E-learning,same-as
5G mobile communication,5th generation wireless systems,same-as
Coplanar transmission lines,Coplanar waveguides,same-as
Communication system software,Telecom System Software,same-as
Newton method,Newton-Raphson method,same-as
Digital recording,Digital taping,same-as
Terahertz materials,THz Materials,same-as
Videotex,Interactive Video Services,same-as
Sequential circuits,State-driven circuits,same-as
Ultra wideband technology,Ultra-wide-band,same-as
Indoor communication,In-building communication,same-as
Lattices,Grid structures,same-as
Maximum a posteriori estimation,Maximum a posteriori method,same-as
Mechanical variables measurement,Mechanical parameter measurement,same-as
HEMTs,High-electron mobility transistors,same-as
Aerospace electronics,Avionics,same-as
Micrometers,Micrometer Calipers,same-as
Nonlinear equations,Nonlinear mathematical relationships,same-as
Radium,Radium Element,same-as
Circuits,Electronic circuits,same-as
Pulse width modulation converters,Pulsewidth modulation convertors,same-as
Magnetic communication,Magnetic signaling,same-as
FET integrated circuits,FET ICs,same-as
Self-organizing feature maps,Self organizing feature maps,same-as
Finite difference methods,Finite difference approximations,same-as
MIMO communication,Multiple Input Multiple Output Communication,same-as
Biomedical communication,Medical Communication,same-as
Trigger circuits,Firing circuits,same-as
Brain-computer interfaces,Brain-computer-interfaces,same-as
Transfer molding,Transfer moulding,same-as
Electrochromic devices,Electrochromic systems,same-as
Digital printing,Electronic Printing,same-as
Extrasolar planets,Exoplanets,same-as
Fuel processing industries,Fuel refining sectors,same-as
CNTFETs,Carbon nanotube field- effect transistors,same-as
Radon,Radon Gas,same-as
Autonomous automobiles,Driverless automobiles,same-as
Computed tomography,Computerized tomography,same-as
Extrasolar planets,Exo-planets,same-as
Photonic crystal fibers,Photonic-crystal fibres,same-as
Diffusion bonding,Solid-state diffusion bonding,same-as
Quality of experience,User Experience Quality,same-as
Germanium alloys,Germanium-based alloys,same-as
Photonic crystal fibers,Photonic-crystal fibers,same-as
ARPANET,Advanced Research Projects Agency Network,same-as
Impersonation attacks,Identity spoofing,same-as
Broadcast technology,Broadcasting technology,same-as
Optimal control,Optimal regulation,same-as
Neurology,Nervous System Medicine,same-as
Information age,Age of information,same-as
Conformal mapping,Angle-preserving mapping,same-as
Wireless mesh networks,Mesh wireless networking,same-as
Carotid arteries,Common carotid arteries,same-as
Underwater technology,Subaqueous technology,same-as
Rectifiers,AC/DC converters,same-as
Thyristors,Silicon controlled rectifiers,same-as
Hardware design languages,Hardware description languages,same-as
Commonsense reasoning,common-sense reasoning,same-as
Communication system software,Communication System Applications,same-as
MERIS,MEdium Resolution Imaging Spectrometer,same-as
Telephony,Telephone Services,same-as
Organic inorganic hybrid materials,Composite organic-inorganic materials,same-as
Hard disks,Hard discs,same-as
SIMO communication,Single Input Multiple Output Communication,same-as
Cyclones,Tropical Storms,same-as
Radar interferometry,Interferometric radar,same-as
3G mobile communication,3G,same-as
HDTV,High-definition TV,same-as
Distortion measurement,Distortion analysis,same-as
Method of moments,Moment Method,same-as
Ant colony optimization,ACO Algorithm,same-as
Pulse width modulation converters,Pulse width modulation convertors,same-as
UHF circuits,Ultra High Frequency Circuits,same-as
Self-organizing feature maps,Kohonen maps,same-as
SCADA systems,Industrial Control Systems,same-as
Monolithic integrated circuits,Single-chip integrated circuits,same-as
Pressure vessels,Pressure containers,same-as
PD control,Proportional-Derivative Control,same-as
Power integrated circuits,Power ICs,same-as
Taylor series,Taylor expansion,same-as
Crystalline materials,Crystalline substances,same-as
Set theory,Mathematical set theory,same-as
Organic inorganic hybrid materials,Inorganic organic hybrid materials,same-as
VHDL,VHSIC Hardware Description Language,same-as
Quantum communication,Quantum signaling,same-as
Soil measurements,Soil monitoring,same-as
Terahertz radiation,T-rays,same-as
Equivalent circuits,Circuit Equivalents,same-as
Information-centric networking,Information centric networks,same-as
Extrasolar planets,Extra solar planets,same-as
Switching circuits,Switching systems,same-as
Auxetic materials,Negative Poisson's ratio materials,same-as
Radiation effects,Radioactive Impact,same-as
Fluid flow measurement,Fluid dynamics monitoring,same-as
D-HEMTs,Depletion mode HEMTs,same-as
Biological weapons,Bioweapons,same-as
Extrasolar planets,Exo planets,same-as
Alcoholic beverages,Liquor,same-as
Pulse width modulation converters,Pulse width modulated power converters,same-as
UHF integrated circuits,Ultra High Frequency ICs,same-as
Satellite ground stations,Satellite earth stations,same-as
Telephony,Voice Communication,same-as
Newton method,Newtons method,same-as
Noise,Sound Interference,same-as
Electronic learning,E learning,same-as
Linear circuits,Linear electronic circuits,same-as
Tracking loops,Loop trackers,same-as
Pressure control,Pressure regulation,same-as
Millimeter wave circuits,MMW circuits,same-as
Decentralized control,Distributed control,same-as
Biomedical materials,Biomedical substances,same-as
Crystals,Solid Formations,same-as
Error correction,Error rectification,same-as
Radio communication,Radiofrequency transmission,same-as
Nuclear measurements,Nuclear measurement techniques,same-as
Earth,World,same-as
Quantum networks,Quantum communication networks,same-as
Thermal lensing,Thermal Lens Effect,same-as
Direction-of-arrival estimation,Estimation of the direction of arrival,same-as
Millimeter wave devices,Millimeter wave components,same-as
Analog-digital conversion,Analog-to-digital conversion,same-as
Comets,Cosmic snowballs,same-as
Microwave sensors,Microwave detection devices,same-as
Bromine compounds,Bromine-based chemicals,same-as
Spaceborne radar,Satellite borne radar,same-as
SISO communication,SISO Signal Transmission,same-as
MIMO communication,Multiple-input multiple- output,same-as
Estimation,Approximation,same-as
Electro-optic modulators,Electro-optical modulators,same-as
Computer networks,Network Computing Systems,same-as
Very large scale integration,Ultra-large scale integration,same-as
Submillimeter wave circuits,Terahertz circuits,same-as
Quantum circuit,Quantum logic circuit,same-as
Multicore processing,Multi-core processing,same-as
Military computing,Defense computing,same-as
Online banking,E-banking,same-as
Reflectometry,Optical Reflectometry,same-as
3G mobile communication,Third generation mobile communication,same-as
Proportional control,Proportional regulation,same-as
Time measurement,Chronometry,same-as
Electronic circuits,Electrical circuitry,same-as
Phonocardiography,Heart sound recording,same-as
UHDTV,Ultra-high definition television,same-as
Transmission line measurements,Line transmission testing,same-as
Paper mills,Paper factories,same-as
Microprocessors,CPU Chips,same-as
Remotely guided vehicles,Remotely controlled vehicles,same-as
Calorimetry,Heat Measurement,same-as
Linear systems,Linear models,same-as
Wire,Cable,same-as
Bio-inspired materials,Biomimetic materials,same-as
Chemical reaction network theory,Reaction network theory,same-as
Local area networks,LANs,same-as
Permanent magnets,Persistent magnets,same-as
Software algorithms,Computer algorithms,same-as
Bromine,Bromine element,same-as
Root mean square,RMS value,same-as
Interferometry,Optical metrology,same-as
Nonlinear equations,Nonlinear systems of equations,same-as
Routing,Pathfinding,same-as
Neon,Neon gas,same-as
Mobile communication,Cellular communication,same-as
3G mobile communication,3rd generation mobile communication,same-as
Piecewise linear techniques,Linear spline methodology,same-as
High-temperature superconductors,High Tc superconductors,same-as
Optical fiber communication,Fiber optic communication,same-as
Sequential circuits,Clock-driven circuits,same-as
Research and development management,R&D Management,same-as
Direction-of-arrival estimation,Direction of arrival estimation,same-as
Electromechanical devices,Electromechanical systems,same-as
Acoustic reflection,Sound Reflection,same-as
Machine assisted indexing,Machine-assisted indexing,same-as
Client-server systems,Client server systems,same-as
Surface tension,Interfacial tension,same-as
Magnetic tunneling,Spin-polarized tunneling,same-as
Closed loop systems,Feedback control systems,same-as
Open loop systems,Uncontrolled systems,same-as
Hypertension,High blood pressure,same-as
Photonic crystal fibers,Photon crystal fibres,same-as
Risk analysis,Risk assessment,same-as
HDTV,High definition television,same-as
Quantum circuit,Quantum computational circuit,same-as
Terahertz communications,THz communications,same-as
CNTFETs,Carbon-nanotube field effect transistors,same-as
Bone diseases,Skeletal Disorders,same-as
Satellite communication,Space communication,same-as
Methanol,Methyl alcohol,same-as
License plate recognition,Vehicle license plate recognition,same-as
Gas chromatography,Vapor-phase chromatography,same-as
Conducting materials,Conductive substances,same-as
Phase change materials,Thermal storage materials,same-as
Communication system security,Communications Security,same-as
Videophone systems,Video communication devices,same-as
5G mobile communication,5th generation systems,same-as
Neurostimulation,Neural stimulation,same-as
5G mobile communication,5G,same-as
Optical fiber communication,Optical fiber networking,same-as
Electronic packaging thermal management,Thermal management in electronics packaging,same-as
Modulation,Signal Modulation,same-as
Nonlinear circuits,Nonlinear electronic circuits,same-as
Bio-inspired computing,Biocomputing,same-as
Microwave circuits,Microwave circuitry,same-as
Maximum a posteriori estimation,Maximum aposteriori,same-as
Cinematography,Film Production,same-as
Switched circuits,Switched networks,same-as
Systems engineering education,Systems Engineering Training,same-as
Unsolicited e-mail,Unsolicited electronic e- mail,same-as
Wireless sensor networks,Sensor networks,same-as
Ozonation,Ozone treatment,same-as
Computer aided instruction,Computer aided learning,same-as
Radar detection,Radar signal detection,same-as
Electric potential,Voltage,same-as
Autonomous automobiles,Self-driving car,same-as
Pressure sensors,Pressure transducers,same-as
Microcomputers,Micro-computers,same-as
Microcomputers,Micro computers,same-as
Millennials,Generation Y,same-as
CNTFETs,Carbon-nanotube field- effect transistors,same-as
Magnetic communication,Magnetic data transmission,same-as
Bayes methods,Bayesian methods,same-as
Token networks,Token-based networks,same-as
Waste reduction,Waste minimization,same-as
Token networks,Digital token networks,same-as
Quality management,Quality Assurance,same-as
Mathematical models,Quantitative models,same-as
Remotely guided vehicles,Remotely operated vehicles,same-as
Nonhomogeneous media,Inhomogeneous media,same-as
Organic inorganic hybrid materials,Inorganic-organic hybrid materials,same-as
Osmium,Osmium metal,same-as
Web pages,Internet pages,same-as
Fluid flow measurement,Flow rate measurement,same-as
RLC circuits,RLC Filter Networks,same-as
Scanning probe data storage,Scanning Probe Memory,same-as
Programmable logic arrays,Programmable Logic Devices,same-as
Digital-analog conversion,Digital to analog conversion,same-as
Dynamical systems,Dynamic models,same-as
Optical materials,Photonic materials,same-as
Bulk acoustic wave devices,BAW Devices,same-as
Mode matching methods,Mode matching techniques,same-as
Information geometry,Differential Information Theory,same-as
Cepstral analysis,Cepstrum technique,same-as
Surfactants,Surface-active agents,same-as
Kirchhoff's Law,Kirchhoff law,same-as
Linearization techniques,Linear transformation techniques,same-as
Electronic voting systems,Digital voting platforms,same-as
License plate recognition,Automatic number plate recognition,same-as
Climate change,Climatic change,same-as
Weibull distribution,Weibull probability distribution,same-as
Mathematics,Mathematical Sciences,same-as
Petrochemicals,Petroleum-derived chemicals,same-as
Electronic publishing,E-publishing,same-as
Fast Fourier transforms,FFT,same-as
Inductance measurement,Inductance gauging,same-as
UHDTV,Ultra HD,same-as
Unsolicited e-mail,Unsolicited electronic email,same-as
License plate recognition,Car plate recognition,same-as
Measurement errors,Measurement inaccuracies,same-as
Scandium,Scandium element,same-as
MOSFET circuits,Metal-Oxide-Semiconductor Field-Effect Transistor circuitry,same-as
Computed tomography,CT scan,same-as
Real-time systems,Real time systems,same-as
UHF communication,UHF band communication,same-as
Electroencephalography,EEG,same-as
EPROM,Erasable programmable read only memory,same-as
Cyclic redundancy check,CRC check,same-as
Logic circuits,Digital logic systems,same-as
Lumen,Light Unit,same-as
Regional area networks,Local area networks,same-as
Vehicular ad hoc networks,VANET,same-as
Light fields,Lightfield imaging,same-as
Distributed ledger,Shared ledger,same-as
Inorganic materials,Inorganic substances,same-as
Whole body imaging,Full body scanning,same-as
Radioactive materials,Radioactive substances,same-as
Selenium,Selenium Element,same-as
Self-organizing feature maps,Self organising feature maps,same-as
Frequency shift keying,FSK Modulation,same-as
Pulse width modulation converters,Pulsewidth modulation converters,same-as
Spaceborne radar,Spaceborn radar,same-as
Discharge lamps,Gas-discharge lamps,same-as
Bidirectional control,Two-way control,same-as
Frequency measurement,Frequency determination,same-as
Measurement by laser beam,Laser-based Measurement,same-as
Low-carbon economy,Green economy,same-as
Thermal management,Heat Control,same-as
Underwater communication,Subaqueous communication,same-as
Photoconducting materials,Photoconductive substances,same-as
Biological weapons,Bio-weapons,same-as
Photonic crystal fibers,Photon crystal fibers,same-as
High-temperature superconductors,HTS,same-as
Computer aided instruction,Computer-aided instruction,same-as
Method of moments,Moment Techniques,same-as
Electronic learning,Elearning,same-as
Programmable logic arrays,PLA Devices,same-as
Biopsy,Tissue sampling,same-as
Moisture measurement,Humidity assessment,same-as
Metallic materials,Metal-based materials,same-as
CNTFETs,Carbon nanotube FETs,same-as
Organizational aspects,Organisational aspects,same-as
Labor resources,Labour resources,same-as
Bipolar transistor circuits,Bipolar junction transistor circuits,same-as
Electro-absorption modulators,Electroabsorption modulators,same-as
pH measurement,pH testing,same-as
Human computer interaction,Human-computer interaction,same-as
Test equipment,Testing instruments,same-as
HEMTs,High electron mobility transistors,same-as
Fault tolerant control,Resilient control systems,same-as
Digital communication,Electronic communication,same-as
Bathymetry,Seafloor topography,same-as
Vivaldi antennas,Tapered slot antennas,same-as
Interferometry,Interference measurement technology,same-as
Histopathology,Histological pathology,same-as
Predator prey systems,Predator-prey interactions,same-as
Cramer-Rao bounds,Cramer Rao bound,same-as
MIMO communication,Multiple input multiple output,same-as
Multiplying circuits,Product circuits,same-as
Deuterium,Heavy hydrogen,same-as
UHDTV,Ultra-high definition TV,same-as
Analog-digital conversion,A/D conversion,same-as
Thermoplastic polyethylene,Thermoplastic PE,same-as
Neuromorphic engineering,Neuromorphic computing,same-as
Ultra wideband technology,Ultra wide-band,same-as
Logic arrays,Logic gate arrays,same-as
Optical refraction,Light bending,same-as
Risk management,Risk handling,same-as
Ultra large scale integration,ULSI,same-as
Hydraulic systems,Fluid power systems,same-as
Scintillation counters,Scintillators,same-as
Materials,Substances,same-as
Prosthetic limbs,Artificial limbs,same-as
License plate recognition,License plate detection,same-as
Renewable energy sources,Sustainable energy resources,same-as
Thermal variables control,Temperature regulation management,same-as
Sulfur,Sulfur Element,same-as
Distributed parameter circuits,Spatially distributed circuits,same-as
Satellite ground stations,Space communication ground facilities,same-as
Magnetic materials,Ferromagnetic materials,same-as
Landslides,Landslide events,same-as
Brain-computer interfaces,Brain computer interfaces,same-as
Computer mediated communication,Digital Communication,same-as
Magnetic resonance imaging,NMR imaging,same-as
HEMTs,High electron-mobility transistors,same-as
Spinal cord injury,Spinal injury,same-as
Rail to rail operation,Complete swing operation,same-as
Arsenic,Arsenicum,same-as
UHF measurements,Ultra High Frequency measurements,same-as
Linearization techniques,Linear approximation methods,same-as
Esophagus,Gullet,same-as
Error correction codes,Error-correction codes,same-as
Wireless sensor networks,Wireless sensing networks,same-as
Thorium,Thorium Element,same-as
Peer-to-peer computing,Peer to peer computing,same-as
Newton method,Newton's method,same-as
Microwave communication,Microwave telecommunications,same-as
Wavelength measurement,Wavelength gauging,same-as
Vanadium,Vanadium element,same-as
Computer aided instruction,Computer-aided learning,same-as
Paramagnetic resonance,Electron Paramagnetic Resonance (EPR),same-as
Outsourcing,Contracting Out,same-as
Autonomous automobiles,Driver-free car,same-as
Power steering,Power-assisted steering,same-as
UHF measurements,UHF signal measurements,same-as
Charge pumps,Charge boosters,same-as
Hard disks,Hard-disc drives,same-as
Conformal mapping,Conformal transformation,same-as
Information-centric networking,Information centric networking,same-as
Light emitting diodes,Light-emitting diodes,same-as
Switching systems,Exchange networks,same-as
Switched capacitor circuits,Capacitive Switch Circuits,same-as
Inverse problems,Inverse problem,same-as
Three-dimensional displays,3-D displays,same-as
Extrasolar planets,Extra-solar planets,same-as
Statistics,Statistical Analysis,same-as
Bipolar transistor circuits,BJT circuits,same-as
PI control,Proportional-integral controller,same-as
Erbium-doped fiber lasers,Erbium-doped fiber amplifiers (EDFA),same-as
Man-machine systems,Human-machine systems,same-as
Cyberbullying,Internet bullying,same-as
Mechanical variables control,Control of Mechanical Parameters,same-as
Circuits,Electrical circuits,same-as
Share prices,Stock prices,same-as
Fluids,Liquids,same-as
Plasma measurements,Plasma Diagnostics,same-as
Optical sensors,Photoelectric sensors,same-as
Nanostructured materials,Nanoscale materials,same-as
Laminates,Layered materials,same-as
PI control,Proportional-integral control,same-as
Communication system signaling,Telecom signaling,same-as
Ultra wideband technology,Ultrawideband,same-as
Teleprinting,Teleprinter communication,same-as
Ultra wideband technology,Ultrawideband technology,same-as
Reverberation chambers,Echo chambers,same-as
UHF propagation,Ultra High Frequency Signal Propagation,same-as
Low-carbon economy,Low fossile fuel economy,same-as
Decentralized control,Decentralised control,same-as
License plate recognition,Number plate recognition,same-as
Frequency measurement,Frequency analysis,same-as
Digital-analog conversion,Digital-analogue conversion,same-as
Small business technology transfer,Small business tech transfer,same-as
Three-dimensional displays,Three dimensional displays,same-as
Spectral analysis,Spectrum analysis,same-as
Food industry,Food production sector,same-as
Space radiation,Cosmic radiation,same-as
Switching loss,Switching energy loss,same-as
Military communication,Armed Forces Communication,same-as
Visual communication,Graphic communication,same-as
Thermal variables measurement,Thermal parameter measurement,same-as
Frequency locked loops,Frequency Lock Loops,same-as
Unsolicited e-mail,Junk email,same-as
Autonomous automobiles,Driverless cars,same-as
Multiaccess communication,Multiple access communication,same-as
Cyberbullying,Cyber bullying,same-as
Particle beam measurements,Particle beam analysis,same-as
Spectroradiometers,Spectral radiometers,same-as
Wireless personal area networks,WPANs,same-as
Digital signal processors,DSP Microprocessors,same-as